City_ID,City,Lat,Lng,Max Temp,Humidity,Cloudiness,Wind Speed,Country,Date
0,adamstown,-25.066,-130.1015,21.29,87,100,7.03,PN,1728613084
1,ilulissat,69.2167,-51.1,-1.99,43,46,1.03,GL,1728613084
2,lepsy,46.235,78.9456,17.3,35,100,2.88,KZ,1728613085
3,bethel,41.3712,-73.414,9.05,69,0,3.09,US,1728613085
4,black forest,39.0131,-104.7008,16.55,29,0,3.6,US,1728613085
5,sisimiut,66.9395,-53.6735,1.87,64,13,3.01,GL,1728613085
6,punta arenas,-53.15,-70.9167,5.06,75,75,9.77,CL,1728613086
7,mont-dore,-22.2833,166.5833,24.07,62,0,5.8,NC,1728613086
8,albany,42.6001,-73.9662,8.58,66,4,2.24,US,1728613086
9,waitangi,-43.9535,-176.5597,11.57,69,80,0.89,NZ,1728613086
10,port mathurin,-19.6833,63.4167,22.31,79,100,10.56,MU,1728613086
11,yellowknife,62.456,-114.3525,6.29,87,75,4.63,CA,1728613087
12,vorgashor,67.5833,63.95,-10.4,98,64,0.78,RU,1728613087
13,wailua homesteads,22.0669,-159.378,27.44,85,20,5.66,US,1728613087
14,hermanus,-34.4187,19.2345,14.13,79,100,2.23,ZA,1728613087
15,port elizabeth,-33.918,25.5701,15.17,90,0,5.14,ZA,1728613088
16,pimentel,-6.8367,-79.9342,17.16,88,75,8.75,PE,1728613088
17,edinburgh of the seven seas,-37.0676,-12.3116,8.8,87,91,23.58,SH,1728613088
18,la passe,45.5549,-0.8967,13.29,85,64,0.83,FR,1728613088
19,savelugu,9.6244,-0.8253,24.03,91,35,1.51,GH,1728613088
20,hamilton,39.1834,-84.5333,13.57,73,0,0.0,US,1728613065
21,la'ie,21.6477,-157.9253,29.98,81,48,2.24,US,1728613089
22,puerto natales,-51.7236,-72.4875,3.78,89,100,4.7,CL,1728613090
23,port-aux-francais,-49.35,70.2167,2.69,81,97,13.04,TF,1728613090
24,jamestown,42.097,-79.2353,5.8,93,0,0.45,US,1728613090
25,petropavlovsk-kamchatsky,53.0452,158.6483,7.33,46,0,7.0,RU,1728613090
26,timbuktu,16.7735,-3.0074,34.65,22,100,2.86,ML,1728613090
27,ust-nera,64.5667,143.2,-3.26,74,82,1.71,RU,1728613091
28,ribeira grande,38.5167,-28.7,19.32,80,100,7.15,PT,1728613091
29,bilibino,68.0546,166.4372,-10.98,94,69,0.4,RU,1728613091
30,coracora,-15.0333,-73.7833,11.84,35,12,0.35,PE,1728613091
31,blackmans bay,-43.0167,147.3167,15.29,50,19,3.58,AU,1728613091
32,iqaluit,63.7506,-68.5145,0.85,86,75,3.09,CA,1728613092
33,korla,41.7597,86.1469,16.09,37,30,1.94,CN,1728613092
34,santa luzia,-19.7697,-43.8514,22.1,86,0,2.57,BR,1728613092
35,ushuaia,-54.8,-68.3,2.81,87,75,1.54,AR,1728613092
36,hithadhoo,-0.6,73.0833,28.06,75,91,4.9,MV,1728613093
37,villa ojo de agua,-29.5,-63.6938,15.04,81,77,2.26,AR,1728613093
38,revda,56.801,59.9303,-6.3,92,100,5.43,RU,1728613093
39,cestos city,5.46,-9.5828,25.27,87,99,4.48,LR,1728613093
40,mugia,43.1041,-9.2179,11.62,78,100,3.42,ES,1728613093
41,qeshm,26.9581,56.2719,28.96,69,7,1.28,IR,1728613094
42,colonia,50.9333,6.95,9.98,93,40,2.06,DE,1728613094
43,lincheng,19.9078,109.6858,26.92,74,90,3.9,CN,1728613094
44,olonkinbyen,70.9221,-8.7187,-3.13,92,100,20.83,SJ,1728613095
45,georgetown,5.4112,100.3354,28.96,89,20,1.03,MY,1728613095
46,minas de marcona,-15.2119,-75.1103,12.0,86,65,6.64,PE,1728613096
47,hawaiian paradise park,19.5933,-154.9731,27.15,76,0,3.6,US,1728613096
48,anadyr,64.75,177.4833,-1.72,79,40,5.0,RU,1728612915
49,longyearbyen,78.2186,15.6401,2.91,75,75,6.69,SJ,1728613096
50,xai-xai,-25.0519,33.6442,17.71,86,0,2.68,MZ,1728613096
51,east london,-33.0153,27.9116,18.08,78,99,6.55,ZA,1728613097
52,maintirano,-18.0667,44.0167,24.85,73,14,3.19,MG,1728613097
53,north bay,46.3168,-79.4663,7.01,93,20,3.09,CA,1728613097
54,tiksi,71.6872,128.8694,-5.19,88,96,2.1,RU,1728613098
55,invercargill,-46.4,168.35,13.9,68,70,4.92,NZ,1728613098
56,nar'yan-mar,67.6713,53.087,-2.74,63,100,8.18,RU,1728613098
57,grytviken,-54.2811,-36.5092,-0.12,97,100,2.15,GS,1728613098
58,tual,-5.6667,132.75,27.73,79,71,6.79,ID,1728613099
59,margaret river,-33.95,115.0667,21.36,58,100,4.62,AU,1728612803
60,uturoa,-16.7333,-151.4333,23.88,85,100,9.13,PF,1728613099
61,tura,25.5198,90.2201,24.64,93,25,1.64,IN,1728613099
62,beaufort west,-32.3567,22.583,17.06,35,100,2.18,ZA,1728613099
63,saipan,15.1355,145.701,29.39,84,75,3.6,MP,1728613100
64,isangel,-19.55,169.2667,27.06,69,75,5.14,VU,1728613100
65,sitka,57.0531,-135.33,7.94,76,75,4.12,US,1728613070
66,haiku-pauwela,20.9219,-156.3051,27.92,75,100,9.83,US,1728613100
67,valdoie,47.668,6.8445,8.65,96,91,2.68,FR,1728613101
68,timimoun,29.2639,0.231,22.21,15,0,2.06,DZ,1728613101
69,west island,-12.1568,96.8225,26.99,78,20,7.72,CC,1728613101
70,aasiaat,68.7098,-52.8699,-6.85,70,23,4.83,GL,1728613102
71,vilyuchinsk,52.9306,158.4028,8.15,52,98,2.44,RU,1728613102
72,fairbanks,64.8378,-147.7164,2.0,81,75,2.06,US,1728612871
73,sos'va,59.1766,61.8558,-4.99,84,8,4.28,RU,1728613103
74,porto seguro,-16.4497,-39.0647,25.29,94,75,3.09,BR,1728613103
75,mount gambier,-37.8333,140.7667,13.61,64,97,3.87,AU,1728612858
76,khanty-mansiysk,61.0042,69.0019,-0.94,64,40,4.0,RU,1728612901
77,college,64.8569,-147.8028,1.99,80,100,2.06,US,1728613104
78,conception bay south,47.4999,-52.9981,9.95,97,2,3.86,CA,1728613104
79,badger,64.8,-147.5333,1.95,82,75,2.06,US,1728613104
80,holualoa,19.6228,-155.9522,25.14,87,100,3.05,US,1728613104
81,sol'-iletsk,51.1631,54.9918,2.91,79,43,3.65,RU,1728613105
82,port alfred,-33.5906,26.891,16.39,78,100,6.89,ZA,1728613105
83,papatowai,-46.5619,169.4708,13.37,60,72,3.84,NZ,1728613105
84,robertsport,6.7533,-11.3686,24.12,94,100,2.78,LR,1728613105
85,nampa,43.5407,-116.5635,19.06,59,0,1.54,US,1728613106
86,yuzhno-kurilsk,44.0306,145.8556,7.85,91,100,3.28,RU,1728613106
87,bielsk podlaski,52.7651,23.1865,14.58,90,100,3.74,PL,1728613106
88,jaru,-10.4389,-62.4664,25.1,76,72,1.38,BR,1728613106
89,lebu,-37.6167,-73.65,11.94,98,100,4.07,CL,1728613106
90,happy valley-goose bay,53.3168,-60.3315,7.17,100,100,2.06,CA,1728613107
91,derventa,44.9772,17.9103,13.97,91,100,2.89,BA,1728613107
92,hemsby,52.6971,1.6918,4.13,71,7,5.1,GB,1728613107
93,guerrero negro,27.9769,-114.0611,20.24,85,1,4.63,MX,1728613107
94,puerto baquerizo moreno,-0.9,-89.6,20.17,81,94,5.68,EC,1728613108
95,shakiso,5.75,38.9167,15.26,93,100,0.27,ET,1728613108
96,mejit,10.2753,170.8646,27.92,77,100,5.31,MH,1728613108
97,moranbah,-22.0016,148.0466,28.37,37,0,6.24,AU,1728613109
98,rancho palos verdes,33.7445,-118.387,19.55,90,20,4.12,US,1728613109
99,bandarbeyla,9.4942,50.8122,25.16,91,64,7.22,SO,1728613109
100,shippensburg,40.0507,-77.5203,9.15,94,0,0.45,US,1728613109
101,peace river,56.2501,-117.286,6.17,56,40,2.06,CA,1728613109
102,pirot,43.1531,22.5861,15.56,76,35,1.66,RS,1728613110
103,ancud,-41.8697,-73.8203,7.1,86,86,2.38,CL,1728613110
104,taltal,-25.4,-70.4833,17.28,70,0,1.84,CL,1728613110
105,orsa,54.5153,30.4053,12.07,86,0,6.23,BY,1728613110
106,berrahal,36.8353,7.4533,19.99,83,95,0.34,DZ,1728613111
107,murudeshwara,14.0943,74.4845,25.44,84,100,3.63,IN,1728613111
108,taroa,8.7058,171.2275,28.27,73,100,2.54,MH,1728613111
109,salinas,36.6777,-121.6555,16.54,85,0,1.54,US,1728612929
110,kuala belait,4.5833,114.1833,28.7,79,51,0.94,BN,1728613111
111,iskateley,67.6803,53.1512,-2.71,63,100,8.11,RU,1728613112
112,shiyan,32.6475,110.7781,21.05,46,100,1.78,CN,1728613112
113,lihue,21.9789,-159.3672,27.77,74,20,5.66,US,1728613093
114,umm kaddadah,13.6017,26.6876,27.75,48,100,3.11,SD,1728613112
115,laurel,39.0993,-76.8483,11.45,80,0,0.0,US,1728613113
116,utrik,11.2278,169.8474,27.25,78,100,4.22,MH,1728613113
117,afaahiti,-17.75,-149.2833,21.69,90,100,9.62,PF,1728613113
118,chonchi,-42.6128,-73.8092,6.18,96,23,1.3,CL,1728613113
119,freeport,40.6576,-73.5832,12.28,62,0,6.17,US,1728613113
120,vila velha,-20.3297,-40.2925,21.97,98,75,2.57,BR,1728613114
121,tomatlan,19.9333,-105.25,24.8,91,11,0.43,MX,1728613114
122,douglas,41.3,-96.167,24.1,47,0,3.09,US,1728613114
123,bredasdorp,-34.5322,20.0403,11.7,88,99,1.81,ZA,1728613114
124,colonia menno,-22.3667,-59.8167,18.74,92,100,5.79,PY,1728613115
125,cihanbeyli,38.6607,32.9244,18.08,43,22,4.24,TR,1728613115
126,narasannapeta,18.4167,84.05,26.61,85,100,1.96,IN,1728613115
127,la sarre,48.8002,-79.1996,6.0,89,100,2.09,CA,1728613116
128,christchurch,-43.5333,172.6333,19.11,42,97,4.12,NZ,1728612420
129,gaspe,48.8334,-64.4819,7.12,87,100,2.57,CA,1728613116
130,qaqortoq,60.7167,-46.0333,1.74,87,82,1.41,GL,1728613116
131,peterhead,57.5058,-1.7981,7.34,84,90,9.07,GB,1728613116
132,dosso,13.049,3.1937,28.34,61,100,3.29,NE,1728613117
133,ambon,-3.6954,128.1814,31.24,99,20,3.09,ID,1728613117
134,manokwari,-0.8667,134.0833,29.15,67,43,4.0,ID,1728613117
135,chimbarongo,-34.7,-71.05,12.39,87,99,1.68,CL,1728613117
136,karratha,-20.7377,116.8463,31.7,37,0,7.15,AU,1728613118
137,prince rupert,54.3161,-130.3201,10.83,91,100,9.77,CA,1728612942
138,camana,-16.6228,-72.7111,17.03,86,98,4.14,PE,1728613118
139,rongelap,11.1635,166.8941,27.35,80,100,4.83,MH,1728613118
140,atafu village,-8.5421,-172.5159,28.25,76,26,4.24,TK,1728613118
141,codrington,-38.2667,141.9667,14.01,65,100,6.9,AU,1728613119
142,luorong,24.4058,109.6086,26.41,44,16,2.44,CN,1728613119
143,floro,61.5996,5.0328,3.98,93,100,2.57,NO,1728613119
144,la punta,-33.1837,-66.3127,17.21,56,0,3.87,AR,1728613119
145,piacabucu,-10.4056,-36.4344,25.43,69,100,5.38,BR,1728613120
146,aban,56.67,96.06,-3.47,68,35,2.7,RU,1728613120
147,island harbour,50.724,-1.2758,7.33,70,39,3.03,GB,1728613120
148,kodiak,57.79,-152.4072,6.73,76,100,3.6,US,1728613120
149,klyuchi,52.2667,79.1667,6.45,54,100,8.39,RU,1728613120
150,ta`u,-14.2336,-169.5144,26.72,81,51,8.61,AS,1728613121
151,usogorsk,63.4106,48.6872,-0.87,61,100,5.03,RU,1728613121
152,malango,-2.9627,119.9001,25.26,84,53,1.08,ID,1728613121
153,las lomitas,-24.7096,-60.593,15.73,99,68,2.34,AR,1728613121
154,nova sintra,14.8667,-24.7167,26.64,85,100,9.93,CV,1728613121
155,gadani,25.1185,66.7299,27.26,78,0,1.99,PK,1728613122
156,richmond,37.5538,-77.4603,10.13,88,0,0.0,US,1728612941
157,pitimbu,-7.4706,-34.8086,25.02,74,100,5.33,BR,1728613122
158,kununurra,-15.7667,128.7333,37.99,23,3,4.63,AU,1728613122
159,aqaba,29.5267,35.0078,23.92,64,0,3.6,JO,1728613123
160,bacalar,18.6667,-88.3833,23.72,77,3,2.82,MX,1728613123
161,constantia,44.1833,28.65,13.38,66,7,1.78,RO,1728613123
162,queenstown,-31.8976,26.8753,19.38,20,83,3.25,ZA,1728612965
163,sabang,5.8933,95.3214,27.94,79,81,7.86,ID,1728613124
164,newport,51.5877,-2.9984,6.06,85,0,2.44,GB,1728613124
165,fort beaufort,-32.7748,26.6338,14.89,92,77,1.03,ZA,1728613124
166,port lincoln,-34.7333,135.8667,15.13,60,74,5.33,AU,1728613124
167,badiyah,22.45,58.8,26.41,60,4,1.81,OM,1728613125
168,argo,37.6333,22.7333,22.19,60,100,1.13,GR,1728613125
169,quellon,-43.1167,-73.6167,5.76,91,30,2.64,CL,1728613125
170,port hueneme,34.1478,-119.1951,20.48,88,20,3.09,US,1728613125
171,port shepstone,-30.7414,30.455,20.38,89,95,1.52,ZA,1728613125
172,mont-de-marsan,44.0,-0.6667,13.41,3,15,0.45,FR,1728613126
173,stanley,54.868,-1.6985,3.49,88,0,2.57,GB,1728613126
174,gorontalo,0.5412,123.0595,32.43,59,41,1.99,ID,1728613126
175,puerto ayora,-0.7393,-90.3518,20.31,94,98,2.24,EC,1728613126
176,lazaro cardenas,17.9583,-102.2,26.27,84,53,1.2,MX,1728613127
177,vila franca do campo,37.7167,-25.4333,20.23,99,100,7.61,PT,1728613127
178,muisne,0.6,-80.0333,24.0,85,100,3.4,EC,1728613127
179,ebon,4.582,168.6964,29.03,68,17,3.78,MH,1728613127
180,tucupita,9.0622,-62.051,24.61,94,100,1.58,VE,1728613127
181,leh,34.1667,77.5833,2.27,35,0,0.72,IN,1728613128
182,saint joseph,39.7686,-94.8466,20.7,54,0,0.0,US,1728613128
183,choibalsan,48.0667,114.5,3.32,39,7,3.81,MN,1728613128
184,nuuk,64.1835,-51.7216,-1.66,100,100,2.06,GL,1728613128
185,cill airne,52.05,-9.5167,7.18,76,100,0.4,IE,1728613129
186,avarua,-21.2078,-159.775,25.03,73,40,7.72,CK,1728613129
187,portel,-1.9356,-50.8211,26.5,73,36,2.33,BR,1728613129
188,mana,5.6592,-53.7767,25.95,86,100,2.96,GF,1728613129
189,belmonte,-15.8631,-38.8828,25.14,76,100,3.54,BR,1728613130
190,renigunta,13.65,79.5167,26.99,83,20,0.51,IN,1728613130
191,luderitz,-26.6481,15.1594,15.05,71,7,4.8,NA,1728613130
192,udachny,66.4167,112.4,-8.16,91,100,4.35,RU,1728613131
193,champerico,14.3,-91.9167,27.25,77,99,1.29,GT,1728613131
194,guaruja,-23.9931,-46.2564,20.5,26,100,2.86,BR,1728613131
195,padang,-0.9492,100.3543,28.03,82,99,1.42,ID,1728613131
196,coaldale,49.7167,-112.6185,8.55,75,20,3.6,CA,1728613132
197,wegrow,52.3995,22.0163,13.53,90,100,2.25,PL,1728613132
198,ingeniero guillermo n. juarez,-23.9,-61.85,16.2,93,100,4.68,AR,1728613132
199,imeni morozova,59.9757,31.0376,12.73,1,72,6.18,RU,1728613132
200,nova olinda do norte,-3.8881,-59.0942,28.04,40,72,1.56,BR,1728613133
201,remire-montjoly,4.9167,-52.2667,26.02,94,20,0.51,GF,1728613133
202,mukalla,14.5425,49.1242,24.92,80,0,2.06,YE,1728613133
203,liwale,-9.7667,37.9333,21.22,73,72,0.82,TZ,1728613133
204,taoudenni,22.6783,-3.9836,33.9,22,1,5.59,ML,1728613134
205,nouadhibou,20.931,-17.0347,24.99,61,70,2.57,MR,1728613134
206,tolanaro,-25.0319,46.9987,21.04,78,20,9.26,MG,1728613134
207,antsohihy,-14.8796,47.9875,23.45,57,2,4.43,MG,1728613134
208,rikaze,29.25,88.8833,9.69,44,40,0.87,CN,1728613134
209,al 'amarah,31.8406,47.1396,26.52,16,0,1.94,IQ,1728613135
210,forster,-32.1667,152.5167,23.54,69,3,5.06,AU,1728613135
211,mizdah,31.4451,12.9801,27.62,26,17,1.12,LY,1728613135
212,beyneu,45.3167,55.2,12.15,83,4,5.78,KZ,1728613135
213,enewetak,11.3474,162.3373,28.88,75,100,3.51,MH,1728613136
214,saint-philippe,-21.3585,55.7679,20.95,85,63,6.94,RE,1728613136
215,thunder bay,48.4001,-89.3168,8.99,87,40,1.03,CA,1728613136
216,port hedland,-20.3167,118.5667,33.03,35,0,6.17,AU,1728613136
217,greenville,35.6127,-77.3663,12.85,88,0,1.54,US,1728613136
218,pleiku,13.9833,108.0,25.77,67,16,3.11,VN,1728613137
219,key west,24.5557,-81.7826,29.0,74,20,5.14,US,1728613137
220,ain oussera,35.4514,2.9058,18.49,68,54,3.04,DZ,1728613137
221,novyy urengoy,66.0833,76.6333,-3.37,90,96,6.19,RU,1728613137
222,guilin,25.2819,110.2864,26.06,50,94,1.03,CN,1728613138
223,san pedro pochutla,15.7333,-96.4667,25.84,90,82,1.52,MX,1728613138
224,mahina,-17.5065,-149.489,24.87,78,75,8.23,PF,1728613138
225,kaihua,23.3687,104.28,18.04,83,86,3.43,CN,1728613138
226,angaur state,6.906,134.13,29.21,69,17,2.95,PW,1728613138
227,bengkulu,-3.8004,102.2655,27.61,77,100,1.63,ID,1728613139
228,fisterra,42.9049,-9.2629,15.41,77,100,3.78,ES,1728613139
229,orichi,58.4036,49.0572,-2.04,66,100,4.02,RU,1728613139
230,chengde,40.9725,117.9361,14.39,40,0,1.12,CN,1728613139
231,cabo san lucas,22.8909,-109.9124,28.17,83,0,3.09,MX,1728612471
232,dudinka,69.4058,86.1778,-9.39,90,30,4.62,RU,1728613140
233,pyhajarvi,67.0701,27.2176,3.79,96,100,5.8,FI,1728613140
234,flin flon,54.7682,-101.865,7.28,66,96,2.17,CA,1728613140
235,montanha,-18.1269,-40.3633,21.69,97,100,4.5,BR,1728613140
236,kapuskasing,49.4169,-82.4331,11.0,66,75,4.12,CA,1728613141
237,terneuzen,51.2809,3.8392,8.99,89,61,0.89,NL,1728613141
238,baganga,7.5739,126.56,29.51,73,85,2.23,PH,1728613141
239,alotau,-10.3069,150.4462,26.53,93,100,2.61,PG,1728613141
240,ta'izz,13.5,44.0,21.45,65,100,1.15,YE,1728613142
241,chibougamau,49.9168,-74.3659,5.79,87,100,2.06,CA,1728613142
242,shelburne,44.0787,-80.2041,5.2,89,7,2.79,CA,1728613142
243,coronel dorrego,-38.7187,-61.2873,15.99,54,100,6.81,AR,1728613142
244,kabalo,-6.05,26.9167,20.8,92,100,0.32,CD,1728613142
245,port blair,11.6667,92.75,30.02,79,20,2.06,IN,1728613143
246,fitzgerald,31.7149,-83.2526,18.99,55,0,2.57,US,1728613143
247,nemuro,43.3236,145.575,10.36,81,100,9.99,JP,1728613143
248,kaga bandoro,6.9896,19.1874,21.4,97,100,0.33,CF,1728613143
249,midvagur,62.0511,-7.1939,2.46,87,100,7.2,FO,1728613144
250,akobo,7.4344,3.9497,22.23,97,18,0.61,NG,1728613144
251,parnu,58.3859,24.4971,15.05,82,100,8.23,EE,1728613144
252,perry,37.2506,-83.1999,9.32,72,0,1.32,US,1728613144
253,fale old settlement,-9.3852,-171.2468,28.03,77,93,4.59,TK,1728613145
254,loukhi,66.0764,33.0381,3.65,96,100,5.81,RU,1728613145
255,calatayud,41.3535,-1.6432,11.8,62,10,1.78,ES,1728613145
256,sinop,41.7711,34.8709,15.13,73,0,3.41,TR,1728613145
257,st. john's,47.5649,-52.7093,10.08,97,100,5.14,CA,1728613117
258,kingston,17.997,-76.7936,29.53,79,20,1.54,JM,1728612853
259,vadso,70.0744,29.7487,5.09,87,75,4.63,NO,1728613146
260,piton saint-leu,-21.2196,55.3151,20.06,78,100,7.2,RE,1728613147
261,cabinda,-5.55,12.2,23.98,85,89,1.96,AO,1728613147
262,weno,7.4515,151.8468,32.97,79,100,3.6,FM,1728613147
263,sale,34.0389,-6.8166,19.38,100,12,0.0,MA,1728613147
264,pontes e lacerda,-15.2261,-59.3353,28.11,55,84,2.84,BR,1728613147
265,port augusta,-32.5,137.7667,21.2,26,100,6.68,AU,1728613148
266,chabahar,25.2919,60.643,28.59,77,47,3.94,IR,1728613148
267,sao vicente,-23.9631,-46.3919,20.55,26,100,2.07,BR,1728613148
268,ola,59.5833,151.2833,0.99,63,54,1.26,RU,1728613148
269,al fqih ben calah,32.5009,-6.6906,20.81,68,0,1.97,MA,1728613149
270,lorengau,-2.0226,147.2712,28.62,77,33,3.29,PG,1728613149
271,nadym,65.5333,72.5167,-2.71,83,87,5.29,RU,1728613149
272,novyy urgal,51.0736,132.5642,6.83,61,80,4.9,RU,1728613149
273,xining,36.6167,101.7667,9.79,64,97,1.03,CN,1728613150
274,atherton,53.5237,-2.4935,4.03,93,17,1.84,GB,1728613150
275,khovd,48.0056,91.6419,10.66,36,10,1.14,MN,1728613150
276,prainha,-1.8,-53.48,26.86,58,29,0.65,BR,1728613150
277,el bauga,18.262,33.9081,30.73,21,44,3.41,SD,1728613150
278,souillac,-20.5167,57.5167,22.21,73,40,6.17,MU,1728613151
279,yelizovo,53.1873,158.3805,8.08,46,0,7.0,RU,1728613151
280,zaozersk,69.4005,32.4476,3.15,89,100,3.68,RU,1728613151
281,khromtau,50.2503,58.4347,0.9,80,86,9.65,KZ,1728613151
282,hami,42.8,93.45,18.59,25,0,2.94,CN,1728613152
283,mount carmel,38.4109,-87.7614,16.62,45,0,2.27,US,1728613152
284,plettenberg bay,-34.0527,23.3716,14.13,78,100,3.03,ZA,1728613152
285,bandundu,-3.3167,17.3667,22.25,94,26,0.56,CD,1728613152
286,belokurikha,51.9959,84.9896,7.14,80,19,1.77,RU,1728613152
287,miquelon,47.0975,-56.3814,10.16,80,82,1.37,PM,1728613153
288,el hadjira,32.6134,5.5126,25.73,44,100,4.06,DZ,1728613153
289,ankeny,41.7297,-93.6058,21.12,49,0,0.45,US,1728612987
290,sao joao da ponte,-15.9292,-44.0078,22.86,80,92,0.98,BR,1728613153
291,kashgar,39.4547,75.9797,15.56,41,0,4.0,CN,1728613154
292,fortuna,40.5982,-124.1573,13.53,84,87,0.92,US,1728613154
293,pizhou,34.3114,117.9503,22.54,57,0,2.06,CN,1728613154
294,san-pedro,4.7485,-6.6363,24.54,93,100,2.43,CI,1728613154
295,rexburg,43.826,-111.7897,18.99,37,20,1.54,US,1728613154
296,fish town,5.1964,-7.8756,21.56,99,100,0.95,LR,1728613155
297,howard springs,-12.497,131.047,32.15,68,11,3.21,AU,1728613155
298,acapulco de juarez,16.8634,-99.8901,27.9,78,40,1.54,MX,1728613053
299,bridgetown,13.1,-59.6167,28.27,83,40,5.66,BB,1728613155
300,praia da vitoria,38.7333,-27.0667,19.14,68,20,10.44,PT,1728613156
301,thompson,55.7435,-97.8558,5.09,87,40,1.54,CA,1728613156
302,kyzylorda,44.8528,65.5092,11.01,93,100,6.0,KZ,1728613156
303,zhezqazghan,47.7833,67.7667,10.32,100,75,5.0,KZ,1728613156
304,zouerate,22.7187,-12.4521,30.78,30,20,3.46,MR,1728613157
305,aldinga beach,-35.2793,138.4604,17.82,52,31,4.1,AU,1728613157
306,usinsk,65.9939,57.5281,-7.97,88,6,3.56,RU,1728613157
307,yeppoon,-23.1333,150.7333,23.14,72,6,8.8,AU,1728613158
308,saurimo,-9.6608,20.3916,16.65,89,5,0.74,AO,1728613158
309,le port,-20.9373,55.2919,21.98,70,63,2.15,RE,1728613158
310,ndikinimeki,4.7667,10.8333,18.4,98,26,0.45,CM,1728613159
311,madaoua,14.073,5.96,29.79,41,47,0.98,NE,1728613159
312,carnarvon,-24.8667,113.6333,27.48,46,0,3.33,AU,1728613159
313,al majaridah,19.1236,41.9111,28.51,49,0,0.31,SA,1728613160
314,luanda,-8.8368,13.2343,25.0,83,100,2.57,AO,1728613160
315,primero de mayo,-32.2552,-58.4228,17.12,95,81,2.38,AR,1728613131
316,saldanha,-33.0117,17.9442,9.03,82,100,0.86,ZA,1728613160
317,chegutu,-18.1302,30.1407,14.09,52,0,2.19,ZW,1728613160
318,verdun,49.25,5.3333,6.71,98,29,2.17,FR,1728613161
319,aleg,17.0481,-13.9209,28.76,57,100,5.2,MR,1728613161
320,puerto lleras,3.0223,-73.4044,22.99,98,100,0.62,CO,1728613161
321,balsthal,47.3161,7.6932,9.98,96,54,1.71,CH,1728613161
322,junin,-34.5838,-60.9433,15.12,56,1,3.59,AR,1728613162
323,torres,-29.3353,-49.7269,18.88,96,100,7.44,BR,1728613162
324,northam,51.0333,-4.2167,7.36,65,23,1.34,GB,1728613162
325,ghanzi,-21.5667,21.7833,20.06,25,2,3.95,BW,1728613162
326,trapani,37.8333,12.6667,20.05,78,20,4.63,IT,1728612875
327,port saint john's,-31.6229,29.5448,19.99,86,100,5.84,ZA,1728613163
328,lomza,53.1781,22.0593,11.98,88,100,1.34,PL,1728613163
329,vernon,50.2581,-119.2691,11.53,60,97,1.25,CA,1728613163
330,petauke,-14.2426,31.3253,18.18,56,19,3.28,ZM,1728613163
331,shenjiamen,29.9576,122.298,22.23,63,54,5.47,CN,1728613164
332,colatina,-19.5394,-40.6306,21.7,96,100,1.27,BR,1728613164
333,qianzhou,28.3167,109.7167,20.91,61,100,0.93,CN,1728613164
334,tataouine,32.9297,10.4518,23.11,88,10,5.35,TN,1728613164
335,fort bragg,35.139,-79.006,14.16,60,0,2.57,US,1728613164
336,nago,26.5881,127.9761,26.52,57,0,2.54,JP,1728613165
337,chrudim,49.9511,15.7956,11.98,87,100,4.12,CZ,1728613165
338,lata,40.1629,-8.3327,15.12,71,100,2.19,PT,1728613165
339,olbia,40.9214,9.4856,18.03,68,100,6.17,IT,1728613165
340,sur,22.5667,59.5289,27.76,54,2,0.88,OM,1728613166
341,puerto la cruz,10.2167,-64.6167,27.79,74,56,1.64,VE,1728613166
342,demopolis,32.5176,-87.8364,15.97,77,0,0.0,US,1728612902
343,warrenpoint,54.0995,-6.2509,1.72,92,7,2.13,GB,1728613166
344,susuman,62.7833,148.1667,-8.89,78,81,1.18,RU,1728613166
345,nyurba,63.2842,118.3319,-1.55,89,100,1.33,RU,1728613167
346,seen (kreis 3),47.4765,8.77,10.54,90,100,4.63,CH,1728613167
347,bua yai,15.5855,102.4259,29.92,81,21,4.38,TH,1728613167
348,bowie,33.4501,-94.4335,19.01,68,47,2.59,US,1728613167
349,whitehorse,60.7161,-135.0538,6.43,59,75,4.63,CA,1728613127
350,findlay,41.0442,-83.6499,12.07,65,0,2.57,US,1728613168
351,akrehamn,59.2667,5.1833,8.14,76,75,8.75,NO,1728613168
352,salekhard,66.53,66.6019,-7.77,88,8,1.6,RU,1728613168
353,sanctuary point,-35.1114,150.629,20.98,59,77,6.31,AU,1728613168
354,sola,-13.8833,167.55,26.49,80,100,6.77,VU,1728613169
355,ubari,26.5921,12.7805,29.63,20,0,3.74,LY,1728613169
356,katsuren-haebaru,26.3369,127.8719,28.38,56,0,2.06,JP,1728613169
357,keflavik,64.0049,-22.5624,0.24,64,0,11.32,IS,1728613169
358,withernsea,53.7311,0.0335,3.86,73,0,5.17,GB,1728613169
359,nuku'alofa,-21.1333,-175.2,26.19,89,75,6.17,TO,1728613170
360,bardai,11.65,7.2333,23.18,69,7,1.8,NG,1728613170
361,sittwe,20.15,92.9,27.24,83,8,2.22,MM,1728613170
362,prades,42.5833,2.1667,5.17,86,75,1.71,FR,1728613170
363,port-vila,-17.7338,168.3219,27.78,69,75,5.14,VU,1728613171
364,hammerfest,70.6634,23.6821,5.25,81,75,5.66,NO,1728613171
365,hilo,19.7297,-155.09,27.27,82,0,3.6,US,1728612947
366,fort mcmurray,56.7268,-111.381,7.73,57,100,3.6,CA,1728613171
367,abepura,-2.6333,140.5833,32.45,58,20,3.09,ID,1728613171
368,harper,4.375,-7.7169,24.91,90,100,3.74,LR,1728613172
369,sweetwater,25.7634,-80.3731,26.01,80,75,3.6,US,1728613172
370,tervel,43.75,27.4,17.67,59,53,2.48,BG,1728613172
371,dongkan,33.9997,119.8308,22.36,54,0,1.43,CN,1728613172
372,bom jesus,-9.0744,-44.3586,27.53,37,2,0.59,BR,1728613173
373,tafuna,-14.3358,-170.72,30.97,70,40,7.2,AS,1728613173
374,altamira,-3.2033,-52.2064,25.05,78,0,1.03,BR,1728613173
375,sirjan,29.452,55.6814,16.06,48,0,1.89,IR,1728613173
376,youhao,47.8667,128.8333,9.35,49,100,2.36,CN,1728613173
377,uthal,25.8072,66.6219,26.86,66,0,1.8,PK,1728613174
378,siwa oasis,29.2041,25.5195,25.05,34,0,1.1,EG,1728613174
379,buala,-8.145,159.5921,28.77,74,54,1.62,SB,1728613174
380,itoman,26.1247,127.6694,28.38,57,20,4.12,JP,1728613174
381,isafjordur,66.0755,-23.124,-3.01,70,81,3.12,IS,1728613175
382,ocean shores,46.9737,-124.1563,13.31,83,96,0.45,US,1728613175
383,aleksandrovsk-sakhalinskiy,50.8975,142.1561,11.1,60,100,6.09,RU,1728613175
384,gisborne,-38.6533,178.0042,13.27,63,100,3.1,NZ,1728613175
385,tianpeng,30.9866,103.9393,15.85,94,100,3.68,CN,1728613176
386,palikir - national government center,6.9248,158.1611,31.47,66,75,5.14,FM,1728613176
387,pisco,-13.7,-76.2167,17.23,82,21,4.12,PE,1728613176
388,berdigestyakh,62.0989,126.6992,-0.21,91,100,1.67,RU,1728613176
389,winnemucca,40.973,-117.7357,17.03,20,0,1.54,US,1728613177
390,paradip garh,20.3167,86.6167,27.88,79,20,2.82,IN,1728613177
391,walvis bay,-22.9575,14.5053,14.53,77,0,1.54,NA,1728613177
392,margate,51.3813,1.3862,8.48,77,6,4.11,GB,1728613177
393,saint croix,17.7397,-64.7388,26.64,83,20,2.06,VI,1728613177
394,joshimath,30.5667,79.5667,12.45,41,0,2.15,IN,1728613178
395,pachperwa,27.5167,82.65,25.07,76,67,1.36,IN,1728613178
396,elva,58.2225,26.4211,16.23,86,100,6.17,EE,1728613178
397,zheshart,62.0731,49.5733,-1.49,64,100,3.91,RU,1728613178
398,enriquillo,17.9,-71.2333,25.98,86,60,1.96,DO,1728613179
399,san javier,37.8063,-0.8374,18.75,56,9,3.13,ES,1728613179
400,la paz,-16.5,-68.15,10.99,14,97,3.6,BO,1728613179
401,saint-amand-montrond,46.75,2.5,7.38,97,63,2.18,FR,1728613180
402,bodo,67.28,14.405,4.02,90,75,3.09,NO,1728613180
403,kapa'a,22.0752,-159.319,28.18,85,20,5.66,US,1728613180
404,rundu,-17.9333,19.7667,18.32,24,0,2.77,NA,1728613180
405,barra da estiva,-13.6261,-41.3269,19.57,73,97,2.22,BR,1728613180
406,selkirk,50.1436,-96.8845,13.99,74,100,4.47,CA,1728613181
407,cochin,9.9399,76.2602,24.99,82,100,2.68,IN,1728613181
408,dzhangala,49.2167,50.3333,6.39,75,10,4.71,KZ,1728613181
409,yeed,4.55,43.0333,23.14,67,22,7.24,SO,1728613181
410,mount isa,-20.7333,139.5,35.87,9,0,3.6,AU,1728613182
411,goba,7.0167,39.9833,10.1,83,85,1.33,ET,1728613182
412,bathsheba,13.2167,-59.5167,28.34,83,40,5.66,BB,1728613182
413,laguna,38.421,-121.4238,25.12,51,0,2.57,US,1728613182
414,kailua-kona,19.6406,-155.9956,27.21,86,100,1.34,US,1728613061
415,sao gabriel da cachoeira,-0.1303,-67.0892,25.41,78,100,0.9,BR,1728613183
416,ngetkib,7.3645,134.5148,31.14,70,75,3.09,PW,1728613183
417,ngaoundere,7.3167,13.5833,16.72,95,21,1.11,CM,1728613183
418,strangnas,59.3774,17.0312,10.86,93,98,2.29,SE,1728613183
419,mulki,13.1,74.8,23.6,94,40,2.06,IN,1728613184
420,polyarnyy,69.1989,33.4478,3.13,90,100,9.63,RU,1728613184
421,coquimbo,-29.9533,-71.3436,12.85,88,100,2.06,CL,1728613184
422,najran,17.4924,44.1277,18.02,28,0,0.64,SA,1728613184
423,dongola,19.1667,30.4833,28.26,20,44,4.37,SD,1728613184
424,al jumum,21.6169,39.6981,29.85,57,100,0.87,SA,1728613185
425,luang prabang,19.8856,102.1347,23.98,88,40,2.06,LA,1728613185
426,tangalle,6.024,80.7911,25.47,89,100,7.81,LK,1728613185
427,opuwo,-18.0607,13.84,21.28,22,4,1.87,NA,1728613185
428,lawas,13.764,121.0566,29.75,73,8,2.14,PH,1728613186
429,aykhal,66.0,111.5,-8.78,91,100,1.39,RU,1728613186
430,san patricio,28.017,-97.5169,23.97,56,0,3.93,US,1728613186
431,kerikeri,-35.2268,173.9474,14.35,68,46,4.53,NZ,1728613186
432,el bolson,-41.9667,-71.5167,4.91,97,100,2.56,AR,1728613186
433,hasaki,35.7333,140.8333,20.49,64,90,5.08,JP,1728613187
434,manismata,-2.4667,111.0333,27.98,81,99,1.39,ID,1728613187
435,gonen,40.1049,27.654,17.79,34,37,2.6,TR,1728613187
436,midland,31.9974,-102.0779,28.03,16,0,5.14,US,1728613105
437,shubarshi,48.5872,57.1869,5.39,73,13,6.02,KZ,1728613188
438,asan-maina village,13.4722,144.7165,27.51,90,100,3.15,GU,1728613188
439,igarka,67.4667,86.5833,-8.62,91,92,6.98,RU,1728613188
440,severo-yeniseyskiy,60.3725,93.0408,-8.15,88,98,2.2,RU,1728613188
441,posto fiscal rolim de moura,-13.0833,-62.2667,24.47,79,86,1.35,BR,1728613188
442,brisas de zicatela,15.8369,-97.0419,26.34,83,31,1.34,MX,1728613189
443,dhidhdhoo,6.8833,73.1,26.15,88,100,9.76,MV,1728613189
444,karasburg,-28.0167,18.75,20.09,24,38,1.9,NA,1728613189
445,bodaybo,57.8506,114.1933,-0.09,84,100,1.5,RU,1728613189
446,nikol'sk,53.7189,46.0712,0.99,93,14,2.97,RU,1728613189
447,duobao,30.67,112.6895,26.03,35,50,3.1,CN,1728613190
448,hazebrouck,50.7237,2.5373,8.18,88,81,2.56,FR,1728613190
449,farasan,16.7022,42.1183,29.89,72,1,1.36,SA,1728613190
450,jatiroto,-7.8833,111.1167,29.95,59,46,1.9,ID,1728613190
451,jabor,5.921,169.6434,29.15,69,97,3.28,MH,1728613191
452,missoula,47.0166,-113.8009,9.22,60,96,1.97,US,1728612591
453,gadzhiyevo,69.2551,33.3362,3.2,90,100,8.95,RU,1728613191
454,kotka,60.4664,26.9458,14.62,87,71,13.05,FI,1728613191
455,sao sebastiao do passe,-12.5125,-38.4953,20.59,96,94,1.29,BR,1728613191
456,lerwick,60.1545,-1.1494,5.7,70,100,3.67,GB,1728613192
457,thaton,16.9206,97.3714,28.3,77,3,1.7,MM,1728613192
458,chantada,42.6088,-7.7712,8.64,96,100,1.4,ES,1728613192
459,nagqu,31.5,92.0,4.37,52,38,2.89,CN,1728613192
460,topolobampo,25.6,-109.05,29.95,66,20,5.14,MX,1728613193
461,pangody,65.85,74.4859,-3.56,88,82,5.39,RU,1728613193
462,sidon,33.5631,35.3689,21.84,82,4,0.81,LB,1728613193
463,sassandra,4.95,-6.0833,24.22,94,99,2.31,CI,1728613193
464,mount pearl,47.5166,-52.7813,9.62,97,100,5.14,CA,1728613193
465,mujiayingzi,42.1167,118.7833,14.58,37,1,4.59,CN,1728613194
466,burgos,42.3394,-3.7079,6.36,88,0,2.06,ES,1728613194
467,mareeba,-17.0,145.4333,31.25,47,21,4.17,AU,1728613192
468,santa cruz verapaz,15.3667,-90.4333,15.47,95,99,1.16,GT,1728613194
469,punta del este,-34.9667,-54.95,17.06,97,100,1.54,UY,1728613195
470,trairi,-3.2778,-39.2689,25.7,74,52,5.71,BR,1728613195
471,cam ranh,11.9214,109.1591,30.98,62,20,2.57,VN,1728613195
472,kinkala,-4.3614,14.7644,22.33,90,49,1.22,CG,1728613195
473,bei'an,46.4398,126.2373,12.48,35,30,8.01,CN,1728613195
474,banda aceh,5.5577,95.3222,28.51,73,71,4.67,ID,1728613196
475,cururupu,-1.8283,-44.8683,24.69,78,21,1.94,BR,1728613196
476,arkhangel'sk,64.5401,40.5433,1.06,100,100,7.0,RU,1728613196
477,al hufuf,25.3646,49.5653,26.19,65,0,0.0,SA,1728613196
478,slyudyanka,51.6594,103.7061,2.36,73,61,0.52,RU,1728613196
479,castillos,-34.1667,-53.8333,16.05,90,100,4.72,UY,1728613197
480,lusambo,-4.9667,23.45,20.76,98,100,0.95,CD,1728613197
481,mawu,34.4307,104.9176,6.98,91,100,2.22,CN,1728613197
482,gedo,9.0167,37.45,10.78,96,100,0.37,ET,1728613198
483,tubarjal,30.4999,38.216,21.61,55,0,2.57,SA,1728613198
484,salinopolis,-0.6136,-47.3561,26.59,82,48,4.48,BR,1728613151
485,alice springs,-23.7,133.8833,30.75,8,0,6.69,AU,1728613180
486,mata-utu,-13.2816,-176.1745,27.56,79,26,4.97,WF,1728613199
487,lafia,8.4833,8.5167,23.71,88,2,0.96,NG,1728613199
488,tejen,37.3834,60.5054,18.84,50,69,3.57,TM,1728613199
489,quba,41.3626,48.5152,11.58,93,100,0.78,AZ,1728613199
490,calca,-13.3333,-71.95,15.64,76,100,2.8,PE,1728613199
491,onega,63.9061,38.1404,3.35,93,100,8.65,RU,1728613200
492,nawada,24.8833,85.5333,26.28,71,53,2.26,IN,1728613200
493,antonio enes,-16.2325,39.9086,21.98,85,0,2.99,MZ,1728613200
494,parauapebas,-6.0675,-49.9022,27.15,48,15,0.92,BR,1728613200
495,soio,-6.1349,12.3689,23.75,83,59,1.13,AO,1728613201
496,goure,13.9835,10.2704,29.33,37,1,0.69,NE,1728613201
497,keyser,39.4409,-78.9739,7.96,92,0,1.95,US,1728613201
498,rio tuba,8.5061,117.4317,30.09,69,4,4.09,PH,1728613201
499,san mariano,7.5,126.0,29.47,73,26,1.91,PH,1728613201
500,olovyannaya,50.95,115.5667,2.74,47,4,7.63,RU,1728613202
501,kiama,-34.6833,150.8667,23.65,65,57,1.34,AU,1728613164
502,hondo,32.45,130.2,22.08,57,4,3.8,JP,1728613202
503,vylkove,45.4021,29.586,17.51,78,91,2.4,UA,1728613203
504,howrah,22.5892,88.3103,30.0,84,20,2.06,IN,1728613203
505,sao joao da barra,-21.6403,-41.0511,22.36,91,100,7.61,BR,1728613203
506,lamu,-2.2717,40.902,24.7,84,22,6.59,KE,1728613203
507,lompoc,34.6391,-120.4579,18.16,92,0,2.06,US,1728613204
508,mount darwin,-16.7725,31.5838,13.22,68,0,1.23,ZW,1728613204
509,ajaccio,42.0,8.9167,12.61,82,75,2.06,FR,1728613204
510,cabrobo,-8.5142,-39.31,25.71,60,20,10.14,BR,1728613204
511,piraeus,37.947,23.645,23.95,81,49,0.89,GR,1728613204
512,freistadt,48.511,14.5045,10.47,92,99,3.47,AT,1728613205
513,coahuayana de hidalgo,18.7,-103.6583,25.67,91,100,0.39,MX,1728613205
514,mboursou lere,9.7639,14.1539,23.55,87,33,0.61,TD,1728613205
515,bonthe,7.5264,-12.505,24.29,94,100,2.48,SL,1728613205
516,goiania,-16.6786,-49.2539,23.83,78,0,2.57,BR,1728613206
517,talnakh,69.4865,88.3972,-12.37,92,28,3.62,RU,1728613206
518,miranda do douro,41.4969,-6.2731,10.93,74,100,2.09,PT,1728613206
519,kirakira,-10.4544,161.9205,28.44,75,99,4.54,SB,1728613207
520,cole harbour,44.6724,-63.4751,9.4,83,20,4.63,CA,1728613207
521,tres lagoas,-20.7511,-51.6783,21.32,89,100,0.34,BR,1728613207
522,carrizal,10.3499,-66.9863,20.67,91,59,0.92,VE,1728613207
523,freetown,8.484,-13.2299,24.0,96,100,3.31,SL,1728613207
524,dauphin,51.1494,-100.0502,9.08,76,75,3.09,CA,1728613208
525,kilindoni,-7.9139,39.6668,25.04,77,0,4.77,TZ,1728613208
526,hohhot,40.8106,111.6522,14.16,44,0,1.0,CN,1728613208
527,tanjung pandan,-2.75,107.65,26.06,87,100,2.93,ID,1728613208
528,sunzha,43.3211,45.0522,13.78,65,100,1.57,RU,1728613209
529,arteche,12.2645,125.4048,28.51,86,34,1.72,PH,1728613209
530,miyako,39.6367,141.9525,13.1,92,100,2.37,JP,1728613209
531,maragogi,-9.0122,-35.2225,24.7,74,100,4.33,BR,1728613209
532,kenai,60.5544,-151.2583,7.05,80,100,3.09,US,1728613209
533,road town,18.4167,-64.6167,29.02,70,20,1.54,VG,1728613210
534,ust'-ilimsk,58.0006,102.6619,-3.15,83,100,3.3,RU,1728613210
535,bayanhongor,46.7167,100.1167,4.04,41,6,0.23,MN,1728613210
536,selfoss,63.9331,-20.9971,-0.53,78,4,4.31,IS,1728613210
537,kourou,5.1552,-52.6478,25.67,84,99,1.58,GF,1728613211
538,mandalgovi,45.7625,106.2708,8.38,41,3,2.18,MN,1728613211
539,quelimane,-17.8786,36.8883,21.65,87,90,1.0,MZ,1728613211
540,nogliki,51.8333,143.1667,10.23,64,100,7.15,RU,1728613211
541,merizo village,13.2658,144.6691,27.43,90,100,3.77,GU,1728613211
542,kurchatov,51.6601,35.6521,9.2,86,27,3.72,RU,1728613212
543,chernyshevskiy,63.0128,112.4714,-4.13,72,100,2.73,RU,1728613212
544,padangsidempuan,1.3667,99.2667,23.35,96,100,0.18,ID,1728613212
545,yonmu,36.1294,127.1,20.95,66,0,1.04,KR,1728613212
546,shchigry,51.8755,36.9043,8.56,85,38,3.56,RU,1728612968
547,gamay,12.3854,125.2979,28.12,90,24,1.28,PH,1728613213
548,fort st. john,56.2499,-120.8529,5.94,56,20,5.14,CA,1728613213
549,sawang daen din,17.4753,103.4575,26.33,73,24,1.92,TH,1728613213
550,kushiro,42.975,144.3747,15.53,55,75,4.12,JP,1728613213
551,sarkand,45.41,79.9186,18.33,27,100,2.56,KZ,1728613214
552,vorkuta,67.5,64.0,-10.04,98,65,0.51,RU,1728613214
553,wainwright,52.839,-110.8572,7.48,46,0,1.98,CA,1728613214
554,payyannur,12.1,75.2,24.07,89,74,2.17,IN,1728613214
555,nelson,-41.2833,173.2833,16.83,67,2,2.57,NZ,1728613215
556,inari,68.906,27.0288,4.5,92,100,5.72,FI,1728613215
557,wenchang,30.904,118.4887,23.72,52,0,2.81,CN,1728613215
558,naracoorte,-36.9579,140.7383,17.94,45,39,5.85,AU,1728613203
559,makurazaki,31.2667,130.3167,24.68,64,83,0.49,JP,1728613215
560,boda,4.3189,17.4695,20.29,95,100,0.89,CF,1728613216
561,yung shue wan,22.2333,114.1167,26.68,77,97,0.45,HK,1728613216
562,raja,8.4596,25.678,20.71,95,99,1.5,SS,1728613217
563,caala,-12.8525,15.5606,15.24,74,17,1.77,AO,1728613217
564,salalah,17.0151,54.0924,24.05,83,20,1.54,OM,1728613217
565,kermanshah,34.3142,47.065,9.5,27,0,0.0,IR,1728613217
566,de aar,-30.6497,24.0123,19.34,20,55,1.94,ZA,1728613218
567,long beach,33.767,-118.1892,21.17,83,0,3.6,US,1728612966
568,nampula,-15.1165,39.2666,19.97,88,20,3.09,MZ,1728613218
569,tobelo,1.7284,128.0095,29.18,67,100,1.46,ID,1728613218
570,dampit,-8.2116,112.7493,30.12,51,97,2.72,ID,1728613219
571,rabo de peixe,37.8,-25.5833,19.73,99,75,4.63,PT,1728613219
572,antalaha,-14.9003,50.2788,21.96,78,34,4.46,MG,1728613219
573,cidreira,-30.1811,-50.2056,19.29,90,100,11.39,BR,1728613219
574,rudnichnyy,59.617,52.4703,-3.39,67,100,3.11,RU,1728613219
575,new norfolk,-42.7826,147.0587,16.51,47,3,6.54,AU,1728613210
576,kavaratti,10.5669,72.642,26.39,86,98,7.1,IN,1728613220
577,jaicos,-7.3592,-41.1378,28.62,30,39,1.85,BR,1728613220
578,dolisie,-4.1997,12.6739,22.23,93,82,1.32,CG,1728613220
579,pandan,14.0453,124.1694,30.1,66,45,2.75,PH,1728613221
580,severoural'sk,60.1533,59.952,-6.05,88,10,2.97,RU,1728613144
581,hancheng,32.5186,112.3522,23.28,41,89,1.68,CN,1728613221
582,daru,-9.0763,143.2092,27.53,79,100,6.53,PG,1728613222
583,nykarleby,63.5228,22.5307,13.79,91,100,8.42,FI,1728613222
584,hell-ville,-13.4,48.2667,25.61,71,0,1.65,MG,1728613223
585,armacao de buzios,-22.7469,-41.8817,21.2,92,100,9.62,BR,1728613223
586,roma,43.2128,-75.4557,7.6,94,75,0.0,US,1728613196
587,ulladulla,-35.35,150.4667,21.18,57,35,6.04,AU,1728613177
